INSERT INTO LOT (ID_LOT_GLOBAL, PRICE_SUP, PRICE_SAL) VALUES (12001, 125, 164);
INSERT INTO LOT (ID_LOT_GLOBAL, PRICE_SUP, PRICE_SAL) VALUES (12002, 364, 461);
INSERT INTO LOT (ID_LOT_GLOBAL, PRICE_SUP, PRICE_SAL) VALUES (12003, 1450, 1841);
INSERT INTO LOT (ID_LOT_GLOBAL, PRICE_SUP, PRICE_SAL) VALUES (12004, 85, 123);
INSERT INTO LOT (ID_LOT_GLOBAL, PRICE_SUP, PRICE_SAL) VALUES (12005, 261, 347);

-- SELECT * FROM LOT;

INSERT INTO CHEQUE (ID_CHEQUE_GLOBAL, CHEQUE_DATE) VALUES (12400231, '20221002 10:34:09 AM');
INSERT INTO CHEQUE (ID_CHEQUE_GLOBAL, CHEQUE_DATE) VALUES (12400232, '20221002 11:01:01 AM');
INSERT INTO CHEQUE (ID_CHEQUE_GLOBAL, CHEQUE_DATE) VALUES (12400233, '20221002 15:00:00 PM');

INSERT INTO CHEQUE (ID_CHEQUE_GLOBAL, CHEQUE_DATE) VALUES (12400234, '20221003 10:34:09 AM');
INSERT INTO CHEQUE (ID_CHEQUE_GLOBAL, CHEQUE_DATE) VALUES (12400235, '20221003 11:01:01 AM');
INSERT INTO CHEQUE (ID_CHEQUE_GLOBAL, CHEQUE_DATE) VALUES (12400236, '20221003 15:00:00 PM');

INSERT INTO CHEQUE (ID_CHEQUE_GLOBAL, CHEQUE_DATE) VALUES (12400237, '20221005 10:34:09 AM');
INSERT INTO CHEQUE (ID_CHEQUE_GLOBAL, CHEQUE_DATE) VALUES (12400238, '20221005 11:01:01 AM');
INSERT INTO CHEQUE (ID_CHEQUE_GLOBAL, CHEQUE_DATE) VALUES (12400239, '20221005 15:00:00 PM');

INSERT INTO CHEQUE (ID_CHEQUE_GLOBAL, CHEQUE_DATE) VALUES (12600231, '20221101 10:34:09 AM');
INSERT INTO CHEQUE (ID_CHEQUE_GLOBAL, CHEQUE_DATE) VALUES (12600232, '20221101 11:01:01 AM');


INSERT INTO CHEQUE (ID_CHEQUE_GLOBAL, CHEQUE_DATE) VALUES (12600233, '20221102 15:00:00 PM');

INSERT INTO CHEQUE (ID_CHEQUE_GLOBAL, CHEQUE_DATE) VALUES (12600234, '20221104 10:34:09 AM');
INSERT INTO CHEQUE (ID_CHEQUE_GLOBAL, CHEQUE_DATE) VALUES (12600235, '20221104 11:01:01 AM');
INSERT INTO CHEQUE (ID_CHEQUE_GLOBAL, CHEQUE_DATE) VALUES (12600236, '20221104 15:00:00 PM');
INSERT INTO CHEQUE (ID_CHEQUE_GLOBAL, CHEQUE_DATE) VALUES (12600237, '20221104 10:34:09 AM');
INSERT INTO CHEQUE (ID_CHEQUE_GLOBAL, CHEQUE_DATE) VALUES (12600238, '20221104 11:01:01 AM');
INSERT INTO CHEQUE (ID_CHEQUE_GLOBAL, CHEQUE_DATE) VALUES (12600239, '20221104 15:00:00 PM');

-- SELECT * FROM CHEQUE;

INSERT INTO CHEQUE_ITEM (ID_CHEQUE_GLOBAL, ID_LOT_GLOBAL, QUANTITY, DOCUMENT_STATE) VALUES (12400231, 12001, 1, 'PROC');
INSERT INTO CHEQUE_ITEM (ID_CHEQUE_GLOBAL, ID_LOT_GLOBAL, QUANTITY, DOCUMENT_STATE) VALUES (12400231, 12004, 2, 'PROC');


INSERT INTO CHEQUE_ITEM (ID_CHEQUE_GLOBAL, ID_LOT_GLOBAL, QUANTITY, DOCUMENT_STATE) VALUES (12400232, 12003, 1, 'PROC');
INSERT INTO CHEQUE_ITEM (ID_CHEQUE_GLOBAL, ID_LOT_GLOBAL, QUANTITY, DOCUMENT_STATE) VALUES (12400232, 12004, 2, 'PROC');
INSERT INTO CHEQUE_ITEM (ID_CHEQUE_GLOBAL, ID_LOT_GLOBAL, QUANTITY, DOCUMENT_STATE) VALUES (12400232, 12005, 1, 'PROC');

INSERT INTO CHEQUE_ITEM (ID_CHEQUE_GLOBAL, ID_LOT_GLOBAL, QUANTITY, DOCUMENT_STATE) VALUES (12400233, 12002, 1, 'PROC');


INSERT INTO CHEQUE_ITEM (ID_CHEQUE_GLOBAL, ID_LOT_GLOBAL, QUANTITY, DOCUMENT_STATE) VALUES (12400234, 12002, 1, 'PROC');
INSERT INTO CHEQUE_ITEM (ID_CHEQUE_GLOBAL, ID_LOT_GLOBAL, QUANTITY, DOCUMENT_STATE) VALUES (12400234, 12005, 1, 'PROC');

INSERT INTO CHEQUE_ITEM (ID_CHEQUE_GLOBAL, ID_LOT_GLOBAL, QUANTITY, DOCUMENT_STATE) VALUES (12400235, 12001, 1, 'PROC');
INSERT INTO CHEQUE_ITEM (ID_CHEQUE_GLOBAL, ID_LOT_GLOBAL, QUANTITY, DOCUMENT_STATE) VALUES (12400235, 12002, 1, 'PROC');
INSERT INTO CHEQUE_ITEM (ID_CHEQUE_GLOBAL, ID_LOT_GLOBAL, QUANTITY, DOCUMENT_STATE) VALUES (12400235, 12003, 1, 'PROC');
INSERT INTO CHEQUE_ITEM (ID_CHEQUE_GLOBAL, ID_LOT_GLOBAL, QUANTITY, DOCUMENT_STATE) VALUES (12400235, 12004, 1, 'PROC');
INSERT INTO CHEQUE_ITEM (ID_CHEQUE_GLOBAL, ID_LOT_GLOBAL, QUANTITY, DOCUMENT_STATE) VALUES (12400235, 12005, 1, 'PROC');

INSERT INTO CHEQUE_ITEM (ID_CHEQUE_GLOBAL, ID_LOT_GLOBAL, QUANTITY, DOCUMENT_STATE) VALUES (12400236, 12003, 1, 'PROC');

INSERT INTO CHEQUE_ITEM (ID_CHEQUE_GLOBAL, ID_LOT_GLOBAL, QUANTITY, DOCUMENT_STATE) VALUES (12400237, 12003, 1, 'PROC');

INSERT INTO CHEQUE_ITEM (ID_CHEQUE_GLOBAL, ID_LOT_GLOBAL, QUANTITY, DOCUMENT_STATE) VALUES (12400238, 12003, 1, 'PROC');
INSERT INTO CHEQUE_ITEM (ID_CHEQUE_GLOBAL, ID_LOT_GLOBAL, QUANTITY, DOCUMENT_STATE) VALUES (12400238, 12004, 1, 'PROC');

INSERT INTO CHEQUE_ITEM (ID_CHEQUE_GLOBAL, ID_LOT_GLOBAL, QUANTITY, DOCUMENT_STATE) VALUES (12400239, 12003, 1, 'PROC');
INSERT INTO CHEQUE_ITEM (ID_CHEQUE_GLOBAL, ID_LOT_GLOBAL, QUANTITY, DOCUMENT_STATE) VALUES (12400239, 12004, 1, 'PROC');
INSERT INTO CHEQUE_ITEM (ID_CHEQUE_GLOBAL, ID_LOT_GLOBAL, QUANTITY, DOCUMENT_STATE) VALUES (12400239, 12001, 1, 'PROC');


INSERT INTO CHEQUE_ITEM (ID_CHEQUE_GLOBAL, ID_LOT_GLOBAL, QUANTITY, DOCUMENT_STATE) VALUES (12600231, 12003, 2, 'PROC');
INSERT INTO CHEQUE_ITEM (ID_CHEQUE_GLOBAL, ID_LOT_GLOBAL, QUANTITY, DOCUMENT_STATE) VALUES (12600231, 12004, 1, 'PROC');
INSERT INTO CHEQUE_ITEM (ID_CHEQUE_GLOBAL, ID_LOT_GLOBAL, QUANTITY, DOCUMENT_STATE) VALUES (12600231, 12001, 3, 'PROC');

INSERT INTO CHEQUE_ITEM (ID_CHEQUE_GLOBAL, ID_LOT_GLOBAL, QUANTITY, DOCUMENT_STATE) VALUES (12600232, 12005, 2, 'PROC');

INSERT INTO CHEQUE_ITEM (ID_CHEQUE_GLOBAL, ID_LOT_GLOBAL, QUANTITY, DOCUMENT_STATE) VALUES (12600233, 12001, 1, 'PROC');
INSERT INTO CHEQUE_ITEM (ID_CHEQUE_GLOBAL, ID_LOT_GLOBAL, QUANTITY, DOCUMENT_STATE) VALUES (12600233, 12002, 3, 'PROC');
INSERT INTO CHEQUE_ITEM (ID_CHEQUE_GLOBAL, ID_LOT_GLOBAL, QUANTITY, DOCUMENT_STATE) VALUES (12600233, 12003, 1, 'PROC');
INSERT INTO CHEQUE_ITEM (ID_CHEQUE_GLOBAL, ID_LOT_GLOBAL, QUANTITY, DOCUMENT_STATE) VALUES (12600233, 12004, 1, 'PROC');
INSERT INTO CHEQUE_ITEM (ID_CHEQUE_GLOBAL, ID_LOT_GLOBAL, QUANTITY, DOCUMENT_STATE) VALUES (12600233, 12005, 2, 'PROC');

INSERT INTO CHEQUE_ITEM (ID_CHEQUE_GLOBAL, ID_LOT_GLOBAL, QUANTITY, DOCUMENT_STATE) VALUES (12600234, 12001, 1, 'PROC');
INSERT INTO CHEQUE_ITEM (ID_CHEQUE_GLOBAL, ID_LOT_GLOBAL, QUANTITY, DOCUMENT_STATE) VALUES (12600234, 12002, 2, 'PROC');

INSERT INTO CHEQUE_ITEM (ID_CHEQUE_GLOBAL, ID_LOT_GLOBAL, QUANTITY, DOCUMENT_STATE) VALUES (12600235, 12003, 1, 'PROC');
INSERT INTO CHEQUE_ITEM (ID_CHEQUE_GLOBAL, ID_LOT_GLOBAL, QUANTITY, DOCUMENT_STATE) VALUES (12600235, 12004, 1, 'PROC');
INSERT INTO CHEQUE_ITEM (ID_CHEQUE_GLOBAL, ID_LOT_GLOBAL, QUANTITY, DOCUMENT_STATE) VALUES (12600235, 12005, 1, 'PROC');

INSERT INTO CHEQUE_ITEM (ID_CHEQUE_GLOBAL, ID_LOT_GLOBAL, QUANTITY, DOCUMENT_STATE) VALUES (12600236, 12001, 1, 'PROC');
INSERT INTO CHEQUE_ITEM (ID_CHEQUE_GLOBAL, ID_LOT_GLOBAL, QUANTITY, DOCUMENT_STATE) VALUES (12600237, 12002, 2, 'PROC');

INSERT INTO CHEQUE_ITEM (ID_CHEQUE_GLOBAL, ID_LOT_GLOBAL, QUANTITY, DOCUMENT_STATE) VALUES (12600238, 12003, 1, 'PROC');
INSERT INTO CHEQUE_ITEM (ID_CHEQUE_GLOBAL, ID_LOT_GLOBAL, QUANTITY, DOCUMENT_STATE) VALUES (12600239, 12004, 1, 'PROC');
INSERT INTO CHEQUE_ITEM (ID_CHEQUE_GLOBAL, ID_LOT_GLOBAL, QUANTITY, DOCUMENT_STATE) VALUES (12600239, 12005, 1, 'PROC');

-- SELECT * FROM CHEQUE_ITEM;
